<?xml version="1.0" encoding="UTF-8"?>
<metadata xml:lang="en"><Esri><CreaDate>20160308</CreaDate><CreaTime>12575500</CreaTime><ArcGISFormat>1.0</ArcGISFormat><SyncOnce>TRUE</SyncOnce><DataProperties><itemProps><itemLocation><linkage Sync="TRUE">file://\\NIC_ELLIOT-PC\Users\Nic_Elliot\Documents\Kenya\GIS\GIS layers\Mara Conservancies\PAs (2)Copy</linkage><protocol Sync="TRUE">Local Area Network</protocol></itemLocation></itemProps><copyHistory><copy source="C:\Users\Nic_Elliot\Documents\Kenya\GIS\GIS layers\Mara Conservancies\PAs (2)" dest="\\NIC_ELLIOT-PC\Users\Nic_Elliot\Documents\Kenya\GIS\GIS layers\Mara Conservancies\PAs (2)Copy" date="20160224" time="08454300"></copy></copyHistory></DataProperties></Esri></metadata>
